framework,component,api,scope
vllm,core,cuMemAddressReserve,prod
vllm,core,cuMemAddressFree,prod
vllm,core,cuMemCreate,prod
vllm,core,cuMemRelease,prod
vllm,core,cuMemMap,prod
vllm,core,cuMemUnmap,prod
vllm,core,cuMemSetAccess,prod
vllm,core,cuMemGetAllocationGranularity,prod
vllm,core,cuCtxGetCurrent,prod
vllm,core,cuDevicePrimaryCtxRetain,prod
vllm,core,cuCtxSetCurrent,prod
vllm,core,cuDeviceGetAttribute,prod
vllm,core,cuGetErrorString,prod
vllm,core,cuGetProcAddress,prod
vllm,core,cuMemcpyBatchAsync,prod
vllm,core,cuPointerGetAttribute,prod
vllm,core,cudaGetDevice,prod
vllm,core,cudaGetDeviceCount,prod
vllm,core,cudaGetDeviceProperties,prod
vllm,core,cudaDeviceGetAttribute,prod
vllm,core,cudaRuntimeGetVersion,prod
vllm,core,cudaDeviceSynchronize,prod
vllm,core,cudaFuncSetAttribute,prod
vllm,core,cudaFuncGetAttributes,prod
vllm,core,cudaOccupancyMaxActiveBlocksPerMultiprocessor,prod
vllm,core,cudaLaunchKernel,prod
vllm,core,cudaLaunchKernelEx,prod
vllm,core,cudaMalloc,prod
vllm,core,cudaFree,prod
vllm,core,cudaHostAlloc,prod
vllm,core,cudaFreeHost,prod
vllm,core,cudaHostGetDevicePointer,prod
vllm,core,cudaMemcpy,prod
vllm,core,cudaMemcpyAsync,prod
vllm,core,cudaMemcpy2DAsync,prod
vllm,core,cudaMemcpyToSymbol,prod
vllm,core,cudaMemsetAsync,prod
vllm,core,cudaPointerGetAttributes,prod
vllm,core,cudaIpcGetMemHandle,prod
vllm,core,cudaIpcOpenMemHandle,prod
vllm,core,cudaIpcCloseMemHandle,prod
vllm,core,cudaStreamIsCapturing,prod
vllm,core,cudaThreadExchangeStreamCaptureMode,prod
vllm,core,cudaStreamGetCaptureInfo,prod
vllm,core,cudaStreamSynchronize,prod
vllm,core,cudaGetLastError,prod
vllm,core,cudaGetErrorString,prod
vllm,core,cudaSetDevice,prod
vllm,core,cudaDeviceReset,prod
vllm,core,cudaMemset,prod
vllm,core,cudaHostRegister,prod
vllm,core,cudaHostUnregister,prod
vllm,core,cudaGridDependencySynchronize,prod
vllm,core,cudaTriggerProgrammaticLaunchCompletion,prod
vllm,core,cuInit,test
vllm,core,cuDeviceGetCount,test
vllm,core,cuDeviceGet,test
vllm,core,cuDeviceGetUuid_v2,test
vllm,core,cuCtxGetDevice,test
vllm,core,cuFuncGetAttribute,test
vllm,core,cudaProfilerStart,test
vllm,core,cudaProfilerStop,test
ollama,ollama,cuInit,prod
ollama,ollama,cuDriverGetVersion,prod
ollama,ollama,cuDeviceGetCount,prod
ollama,ollama,cuDeviceGet,prod
ollama,ollama,cuDeviceGetAttribute,prod
ollama,ollama,cuDeviceGetName,prod
ollama,ollama,cuDeviceTotalMem,prod
ollama,ollama,cuDeviceGetPCIBusId,prod
ollama,llama.cpp,cuDeviceGet,prod
ollama,llama.cpp,cuDeviceGetAttribute,prod
ollama,llama.cpp,cuMemGetAllocationGranularity,prod
ollama,llama.cpp,cuMemAddressReserve,prod
ollama,llama.cpp,cuMemCreate,prod
ollama,llama.cpp,cuMemMap,prod
ollama,llama.cpp,cuMemSetAccess,prod
ollama,llama.cpp,cuMemRelease,prod
ollama,llama.cpp,cuMemUnmap,prod
ollama,llama.cpp,cuMemAddressFree,prod
ollama,llama.cpp,cuGetErrorString,prod
ollama,llama.cpp,cudaGetDeviceCount,prod
ollama,llama.cpp,cudaGetDevice,prod
ollama,llama.cpp,cudaSetDevice,prod
ollama,llama.cpp,cudaGetDeviceProperties,prod
ollama,llama.cpp,cudaDeviceGetAttribute,prod
ollama,llama.cpp,cudaDeviceGetPCIBusId,prod
ollama,llama.cpp,cudaMemGetInfo,prod
ollama,llama.cpp,cudaSetDeviceFlags,prod
ollama,llama.cpp,cudaDeviceSynchronize,prod
ollama,llama.cpp,cudaDeviceCanAccessPeer,prod
ollama,llama.cpp,cudaDeviceEnablePeerAccess,prod
ollama,llama.cpp,cudaMemcpyPeerAsync,prod
ollama,llama.cpp,cudaMalloc,prod
ollama,llama.cpp,cudaFree,prod
ollama,llama.cpp,cudaMallocManaged,prod
ollama,llama.cpp,cudaMallocHost,prod
ollama,llama.cpp,cudaFreeHost,prod
ollama,llama.cpp,cudaHostRegister,prod
ollama,llama.cpp,cudaHostUnregister,prod
ollama,llama.cpp,cudaHostAlloc,prod
ollama,llama.cpp,cudaHostGetDevicePointer,prod
ollama,llama.cpp,cudaMemcpyAsync,prod
ollama,llama.cpp,cudaMemcpy2DAsync,prod
ollama,llama.cpp,cudaMemset,prod
ollama,llama.cpp,cudaMemsetAsync,prod
ollama,llama.cpp,cudaStreamCreateWithFlags,prod
ollama,llama.cpp,cudaStreamDestroy,prod
ollama,llama.cpp,cudaStreamSynchronize,prod
ollama,llama.cpp,cudaStreamWaitEvent,prod
ollama,llama.cpp,cudaEventCreateWithFlags,prod
ollama,llama.cpp,cudaEventDestroy,prod
ollama,llama.cpp,cudaEventRecord,prod
ollama,llama.cpp,cudaEventSynchronize,prod
ollama,llama.cpp,cudaStreamBeginCapture,prod
ollama,llama.cpp,cudaStreamEndCapture,prod
ollama,llama.cpp,cudaGraphInstantiate,prod
ollama,llama.cpp,cudaGraphExecUpdate,prod
ollama,llama.cpp,cudaGraphLaunch,prod
ollama,llama.cpp,cudaGraphDestroy,prod
ollama,llama.cpp,cudaGraphExecDestroy,prod
ollama,llama.cpp,cudaStreamIsCapturing,prod
ollama,llama.cpp,cudaFuncSetAttribute,prod
ollama,llama.cpp,cudaFuncGetAttributes,prod
ollama,llama.cpp,cudaOccupancyMaxActiveBlocksPerMultiprocessor,prod
ollama,llama.cpp,cudaLaunchKernelEx,prod
ollama,llama.cpp,cudaLaunchCooperativeKernel,prod
ollama,llama.cpp,cudaGetLastError,prod
ollama,llama.cpp,cudaGetErrorString,prod
ollama,llama.cpp,cudaGridDependencySynchronize,prod
ollama,llama.cpp,cudaTriggerProgrammaticLaunchCompletion,prod
ollama,llama.cpp,cudaMemAdvise,hip-only
ollama,mlx,cuModuleLoadDataEx,prod
ollama,mlx,cuModuleGetFunction,prod
ollama,mlx,cuModuleUnload,prod
ollama,mlx,cuLaunchKernelEx,prod
ollama,mlx,cuGraphAddKernelNode,prod
ollama,mlx,cuGraphKernelNodeSetAttribute,prod
ollama,mlx,cuFuncSetAttribute,prod
ollama,mlx,cuOccupancyMaxPotentialBlockSize,prod
ollama,mlx,cuTensorMapEncodeTiled,prod
ollama,mlx,cuGetErrorString,prod
ollama,mlx,cudaGetDeviceCount,prod
ollama,mlx,cudaGetDevice,prod
ollama,mlx,cudaSetDevice,prod
ollama,mlx,cudaGetDeviceProperties,prod
ollama,mlx,cudaDeviceGetAttribute,prod
ollama,mlx,cudaMemGetInfo,prod
ollama,mlx,cudaDeviceGetDefaultMemPool,prod
ollama,mlx,cudaMallocAsync,prod
ollama,mlx,cudaFreeAsync,prod
ollama,mlx,cudaMemPoolGetAttribute,prod
ollama,mlx,cudaMemPoolTrimTo,prod
ollama,mlx,cudaMalloc,prod
ollama,mlx,cudaFree,prod
ollama,mlx,cudaMallocManaged,prod
ollama,mlx,cudaMemAdvise,prod
ollama,mlx,cudaMallocHost,prod
ollama,mlx,cudaFreeHost,prod
ollama,mlx,cudaMemcpy,prod
ollama,mlx,cudaMemcpyAsync,prod
ollama,mlx,cudaMemset,prod
ollama,mlx,cudaStreamCreateWithFlags,prod
ollama,mlx,cudaStreamDestroy,prod
ollama,mlx,cudaStreamSynchronize,prod
ollama,mlx,cudaStreamWaitEvent,prod
ollama,mlx,cudaEventCreateWithFlags,prod
ollama,mlx,cudaEventDestroy,prod
ollama,mlx,cudaEventRecord,prod
ollama,mlx,cudaEventSynchronize,prod
ollama,mlx,cudaEventQuery,prod
ollama,mlx,cudaLaunchHostFunc,prod
ollama,mlx,cudaGraphCreate,prod
ollama,mlx,cudaGraphDestroy,prod
ollama,mlx,cudaGraphAddKernelNode,prod
ollama,mlx,cudaGraphAddEmptyNode,prod
ollama,mlx,cudaGraphAddDependencies,prod
ollama,mlx,cudaStreamBeginCapture,prod
ollama,mlx,cudaStreamEndCapture,prod
ollama,mlx,cudaStreamIsCapturing,prod
ollama,mlx,cudaGraphAddChildGraphNode,prod
ollama,mlx,cudaGraphChildGraphNodeGetGraph,prod
ollama,mlx,cudaGraphGetNodes,prod
ollama,mlx,cudaGraphNodeGetType,prod
ollama,mlx,cudaGraphKernelNodeGetAttribute,prod
ollama,mlx,cudaGraphKernelNodeSetAttribute,prod
ollama,mlx,cudaGraphInstantiate,prod
ollama,mlx,cudaGraphExecUpdate,prod
ollama,mlx,cudaGraphLaunch,prod
ollama,mlx,cudaGraphExecDestroy,prod
ollama,mlx,cudaGraphDebugDotPrint,prod
ollama,mlx,cudaLaunchKernelExC,prod
ollama,mlx,cudaFuncSetAttribute,prod
ollama,mlx,cudaOccupancyMaxActiveBlocksPerMultiprocessor,prod
ollama,mlx,cudaOccupancyMaxPotentialBlockSize,prod
ollama,mlx,cudaGetLastError,prod
ollama,mlx,cudaGetErrorString,prod
sglang,core,cuMemAddressReserve,prod
sglang,core,cuMemAddressFree,prod
sglang,core,cuMemCreate,prod
sglang,core,cuMemRelease,prod
sglang,core,cuMemMap,prod
sglang,core,cuMemUnmap,prod
sglang,core,cuMemSetAccess,prod
sglang,core,cuMemGetAllocationGranularity,prod
sglang,core,cuMemExportToShareableHandle,prod
sglang,core,cuMemImportFromShareableHandle,prod
sglang,core,cuMemRetainAllocationHandle,prod
sglang,core,cuMemGetAllocationPropertiesFromHandle,prod
sglang,core,cuMemGetAddressRange,prod
sglang,core,cuDriverGetVersion,prod
sglang,core,cuGetProcAddress,prod
sglang,core,cuDeviceGetDevResource,prod
sglang,core,cuDevSmResourceSplitByCount,prod
sglang,core,cuDevResourceGenerateDesc,prod
sglang,core,cuGreenCtxCreate,prod
sglang,core,cuGreenCtxDestroy,prod
sglang,core,cuGreenCtxGetDevResource,prod
sglang,core,cuGreenCtxStreamCreate,prod
sglang,core,cuCtxFromGreenCtx,prod
sglang,core,cuCtxPushCurrent,prod
sglang,core,cuCtxPopCurrent,prod
sglang,core,cuStreamCreate,prod
sglang,core,cuGraphGetNodes,prod
sglang,core,cuGraphGetEdges,prod
sglang,core,cuGraphNodeGetType,prod
sglang,core,cuGraphKernelNodeGetParams,prod
sglang,core,cuGraphKernelNodeGetAttribute,prod
sglang,core,cuGraphMemcpyNodeGetParams,prod
sglang,core,cuGraphMemsetNodeGetParams,prod
sglang,core,cuGraphChildGraphNodeGetGraph,prod
sglang,core,cuStreamWaitValue32,prod
sglang,core,cuStreamWriteValue32,prod
sglang,core,cuMemcpyDtoD,prod
sglang,core,cuMulticastGetGranularity,prod
sglang,core,cuPointerGetAttribute,prod
sglang,core,cuTensorMapEncodeTiled,prod
sglang,core,cuLibraryLoadData,prod
sglang,core,cuLibraryEnumerateKernels,prod
sglang,core,cuKernelGetFunction,prod
sglang,core,cuFuncGetAttribute,prod
sglang,core,cuGetErrorString,prod
sglang,core,cuGetErrorName,prod
sglang,core,cudaGetDevice,prod
sglang,core,cudaGetDeviceCount,prod
sglang,core,cudaGetDeviceProperties,prod
sglang,core,cudaDeviceGetAttribute,prod
sglang,core,cudaRuntimeGetVersion,prod
sglang,core,cudaDriverGetVersion,prod
sglang,core,cudaFuncSetAttribute,prod
sglang,core,cudaOccupancyMaxActiveBlocksPerMultiprocessor,prod
sglang,core,cudaLaunchKernel,prod
sglang,core,cudaLaunchKernelEx,prod
sglang,core,cudaIpcGetMemHandle,prod
sglang,core,cudaIpcOpenMemHandle,prod
sglang,core,cudaIpcCloseMemHandle,prod
sglang,core,cudaMemcpy,prod
sglang,core,cudaStreamIsCapturing,prod
sglang,core,cudaMemcpyBatchAsync,prod
sglang,core,cudaMemcpyAsync,prod
sglang,core,cudaHostGetDevicePointer,prod
sglang,core,cudaMemsetAsync,prod
sglang,core,cudaGetLastError,prod
sglang,core,cudaGetErrorString,prod
sglang,core,cudaSetDevice,prod
sglang,core,cudaGetDriverEntryPointByVersion,prod
sglang,core,cudaFuncGetAttributes,prod
sglang,core,cudaOccupancyAvailableDynamicSMemPerBlock,prod
sglang,core,cudaOccupancyMaxActiveClusters,prod
sglang,core,cudaLibraryLoadData,prod
sglang,core,cudaEventRecord,prod
sglang,core,cudaStreamWaitEvent,prod
sglang,core,cudaDeviceSynchronize,prod
sglang,core,cudaDeviceReset,prod
sglang,core,cudaMalloc,prod
sglang,core,cudaFree,prod
sglang,core,cudaMemset,prod
sglang,core,cudaHostRegister,prod
sglang,core,cudaHostUnregister,prod
sglang,core,cudaGraphInstantiateWithFlags,prod
sglang,core,cudaGraphExecUpdate,prod
sglang,core,cudaGraphLaunch,prod
sglang,core,cudaGraphExecDestroy,prod
sglang,core,cudaStreamGetCaptureInfo,prod
sglang,core,cudaProfilerStart,prod
sglang,core,cudaProfilerStop,prod
sglang,core,cudaDeviceEnablePeerAccess,prod
sglang,core,cudaGridDependencySynchronize,prod
sglang,core,cudaTriggerProgrammaticLaunchCompletion,prod
sglang,core,cuMemcpyDtoH,test
sglang,core,cuMemsetD8,test
trtllm,core,cuModuleLoadData,prod
trtllm,core,cuModuleGetFunction,prod
trtllm,core,cuModuleUnload,prod
trtllm,core,cuLibraryLoadData,prod
trtllm,core,cuLibraryGetKernel,prod
trtllm,core,cuLibraryUnload,prod
trtllm,core,cuLibraryGetGlobal,prod
trtllm,core,cuLibraryEnumerateKernels,prod
trtllm,core,cuLibraryGetKernelCount,prod
trtllm,core,cuKernelGetName,prod
trtllm,core,cuKernelSetAttribute,prod
trtllm,core,cuFuncSetAttribute,prod
trtllm,core,cuLaunchKernel,prod
trtllm,core,cuLaunchKernelEx,prod
trtllm,core,cuCtxGetId,prod
trtllm,core,cuOccupancyMaxPotentialClusterSize,prod
trtllm,core,cuTensorMapEncodeTiled,prod
trtllm,core,cuMemAddressReserve,prod
trtllm,core,cuMemAddressFree,prod
trtllm,core,cuMemCreate,prod
trtllm,core,cuMemRelease,prod
trtllm,core,cuMemMap,prod
trtllm,core,cuMemUnmap,prod
trtllm,core,cuMemSetAccess,prod
trtllm,core,cuMemGetAllocationGranularity,prod
trtllm,core,cuMemExportToShareableHandle,prod
trtllm,core,cuMemImportFromShareableHandle,prod
trtllm,core,cuMemGetAddressRange,prod
trtllm,core,cuCtxSynchronize,prod
trtllm,core,cuDeviceTotalMem,prod
trtllm,core,cuMulticastCreate,prod
trtllm,core,cuMulticastAddDevice,prod
trtllm,core,cuMulticastBindMem,prod
trtllm,core,cuMulticastUnbind,prod
trtllm,core,cuMulticastGetGranularity,prod
trtllm,core,cuLogicalEndpointIdReserve,prod
trtllm,core,cuLogicalEndpointIdRelease,prod
trtllm,core,cuLogicalEndpointCreate,prod
trtllm,core,cuLogicalEndpointDestroy,prod
trtllm,core,cuLogicalEndpointBindMem,prod
trtllm,core,cuLogicalEndpointUnbind,prod
trtllm,core,cuLogicalEndpointExport,prod
trtllm,core,cuLogicalEndpointImport,prod
trtllm,core,cuLogicalEndpointQuery,prod
trtllm,core,cuGetProcAddress,prod
trtllm,core,cuDevicePrimaryCtxRetain,prod
trtllm,core,cuCtxSetCurrent,prod
trtllm,core,cuDeviceGet,prod
trtllm,core,cuDeviceGetDevResource,prod
trtllm,core,cuDevSmResourceSplit,prod
trtllm,core,cuDevResourceGenerateDesc,prod
trtllm,core,cuGreenCtxCreate,prod
trtllm,core,cuGreenCtxDestroy,prod
trtllm,core,cuGreenCtxStreamCreate,prod
trtllm,core,cuInit,prod
trtllm,core,cuDeviceGetAttribute,prod
trtllm,core,cuMemAlloc,prod
trtllm,core,cuMemFree,prod
trtllm,core,cuStreamDestroy,prod
trtllm,core,cuEventCreate,prod
trtllm,core,cuEventRecord,prod
trtllm,core,cuEventQuery,prod
trtllm,core,cuEventSynchronize,prod
trtllm,core,cuEventDestroy,prod
trtllm,core,cuStreamCreate,prod
trtllm,core,cuStreamWaitEvent,prod
trtllm,core,cuStreamSynchronize,prod
trtllm,core,cuMemHostRegister,prod
trtllm,core,cuMemHostUnregister,prod
trtllm,core,cuMemcpyBatchAsync,prod
trtllm,core,cuMemcpyAsync,prod
trtllm,core,cuLaunchHostFunc,prod
trtllm,core,cuMemcpyHtoD,prod
trtllm,core,cuMemcpyHtoDAsync,prod
trtllm,core,cuMemcpyDtoH,prod
trtllm,core,cuMemcpyDtoD,prod
trtllm,core,cuMemsetD8,prod
trtllm,core,cuMemsetD8Async,prod
trtllm,core,cuMemsetD32,prod
trtllm,core,cuMemGetInfo,prod
trtllm,core,cuCtxGetCurrent,prod
trtllm,core,cuCtxGetDevice,prod
trtllm,core,cuGetErrorString,prod
trtllm,core,cuGetErrorName,prod
trtllm,core,cudaGetDevice,prod
trtllm,core,cudaSetDevice,prod
trtllm,core,cudaGetDeviceCount,prod
trtllm,core,cudaGetDeviceProperties,prod
trtllm,core,cudaDeviceGetAttribute,prod
trtllm,core,cudaDeviceGetPCIBusId,prod
trtllm,core,cudaDeviceCanAccessPeer,prod
trtllm,core,cudaDeviceGetStreamPriorityRange,prod
trtllm,core,cudaDriverGetVersion,prod
trtllm,core,cudaMemGetInfo,prod
trtllm,core,cudaDeviceSynchronize,prod
trtllm,core,cudaFuncSetAttribute,prod
trtllm,core,cudaFuncGetAttributes,prod
trtllm,core,cudaOccupancyMaxActiveBlocksPerMultiprocessor,prod
trtllm,core,cudaLaunchKernelEx,prod
trtllm,core,cudaLaunchKernelExC,prod
trtllm,core,cudaLaunchKernel,prod
trtllm,core,cudaLaunchCooperativeKernel,prod
trtllm,core,cudaGetKernel,prod
trtllm,core,cudaGetDriverEntryPoint,prod
trtllm,core,cudaGetDriverEntryPointByVersion,prod
trtllm,core,cudaMalloc,prod
trtllm,core,cudaFree,prod
trtllm,core,cudaMallocAsync,prod
trtllm,core,cudaFreeAsync,prod
trtllm,core,cudaMemPoolCreate,prod
trtllm,core,cudaMemPoolSetAttribute,prod
trtllm,core,cudaMemPoolGetAttribute,prod
trtllm,core,cudaMemPoolTrimTo,prod
trtllm,core,cudaMemPoolDestroy,prod
trtllm,core,cudaMallocManaged,prod
trtllm,core,cudaMemAdvise,prod
trtllm,core,cudaMallocHost,prod
trtllm,core,cudaHostAlloc,prod
trtllm,core,cudaFreeHost,prod
trtllm,core,cudaHostRegister,prod
trtllm,core,cudaHostUnregister,prod
trtllm,core,cudaHostGetDevicePointer,prod
trtllm,core,cudaPointerGetAttributes,prod
trtllm,core,cudaMemcpy,prod
trtllm,core,cudaMemcpyAsync,prod
trtllm,core,cudaMemset,prod
trtllm,core,cudaMemsetAsync,prod
trtllm,core,cudaMemcpy2DAsync,prod
trtllm,core,cudaMemcpyBatchAsync,prod
trtllm,core,cudaMemcpyToSymbol,prod
trtllm,core,cudaIpcGetMemHandle,prod
trtllm,core,cudaIpcOpenMemHandle,prod
trtllm,core,cudaIpcCloseMemHandle,prod
trtllm,core,cudaStreamCreateWithFlags,prod
trtllm,core,cudaStreamCreateWithPriority,prod
trtllm,core,cudaStreamDestroy,prod
trtllm,core,cudaStreamSynchronize,prod
trtllm,core,cudaStreamQuery,prod
trtllm,core,cudaStreamWaitEvent,prod
trtllm,core,cudaStreamIsCapturing,prod
trtllm,core,cudaEventCreate,prod
trtllm,core,cudaEventCreateWithFlags,prod
trtllm,core,cudaEventRecord,prod
trtllm,core,cudaEventQuery,prod
trtllm,core,cudaEventSynchronize,prod
trtllm,core,cudaEventDestroy,prod
trtllm,core,cudaLaunchHostFunc,prod
trtllm,core,cudaLaunchHostFunc_v2,prod
trtllm,core,cudaStreamAddCallback,prod
trtllm,core,cudaGetLastError,prod
trtllm,core,cudaGetErrorString,prod
trtllm,core,cudaPeekAtLastError,prod
trtllm,core,cudaStreamGetCaptureInfo,prod
trtllm,core,cudaStreamCreate,prod
trtllm,core,cudaProfilerStart,prod
trtllm,core,cudaProfilerStop,prod
trtllm,core,cudaGridDependencySynchronize,prod
trtllm,core,cudaTriggerProgrammaticLaunchCompletion,prod
trtllm,core,cuCtxCreate,test
trtllm,core,cuModuleLoad,test
trtllm,core,cuModuleGetGlobal,test
trtllm,core,cuEventElapsedTime,test
trtllm,core,cuGraphKernelNodeGetParams,test
trtllm,core,cuMemHostAlloc,test
trtllm,core,cuMemFreeHost,test
trtllm,core,cuMemHostGetDevicePointer,test
trtllm,core,cuMemcpyDtoHAsync,test
trtllm,core,cuMemRetainAllocationHandle,test
trtllm,core,cuMemGetAllocationPropertiesFromHandle,test
trtllm,core,cuPointerGetAttribute,test
trtllm,core,cudaGraphCreate,test
trtllm,core,cudaGraphInstantiate,test
trtllm,core,cudaGraphLaunch,test
trtllm,core,cudaGraphDestroy,test
trtllm,core,cudaGraphExecDestroy,test
trtllm,core,cudaGraphGetNodes,test
trtllm,core,cudaGraphNodeGetType,test
trtllm,core,cudaGraphKernelNodeGetParams,test
trtllm,core,cudaStreamBeginCapture,test
trtllm,core,cudaStreamEndCapture,test
trtllm,core,cudaDeviceGetDefaultMemPool,test
trtllm,core,cudaDeviceGetMemPool,test
trtllm,core,cudaDeviceReset,test
trtllm,core,cudaEventElapsedTime,test
trtllm,core,cudaEventRecordWithFlags,test
trtllm,core,cudaGetErrorName,test
trtllm,core,cudaMemPrefetchAsync,test
executorch,runtime,cudaGetDevice,prod
executorch,runtime,cudaSetDevice,prod
executorch,runtime,cudaStreamCreate,prod
executorch,runtime,cudaGetDeviceProperties,prod
executorch,runtime,cudaMemGetInfo,prod
executorch,runtime,cudaDeviceSynchronize,prod
executorch,runtime,cudaMalloc,prod
executorch,runtime,cudaFree,prod
executorch,runtime,cudaMemPoolCreate,prod
executorch,runtime,cudaMemPoolSetAttribute,prod
executorch,runtime,cudaMallocFromPoolAsync,prod
executorch,runtime,cudaMallocAsync,prod
executorch,runtime,cudaFreeAsync,prod
executorch,runtime,cudaMemPoolTrimTo,prod
executorch,runtime,cudaDeviceGraphMemTrim,prod
executorch,runtime,cudaMemcpy,prod
executorch,runtime,cudaMemcpyAsync,prod
executorch,runtime,cudaStreamSynchronize,prod
executorch,runtime,cudaStreamBeginCapture,prod
executorch,runtime,cudaStreamEndCapture,prod
executorch,runtime,cudaGraphInstantiate,prod
executorch,runtime,cudaGraphLaunch,prod
executorch,runtime,cudaGraphDestroy,prod
executorch,runtime,cudaGraphExecDestroy,prod
executorch,runtime,cudaGraphGetNodes,prod
executorch,runtime,cudaGraphNodeGetType,prod
executorch,runtime,cudaGraphMemAllocNodeGetParams,prod
executorch,runtime,cudaGraphMemFreeNodeGetParams,prod
executorch,runtime,cudaEventCreateWithFlags,prod
executorch,runtime,cudaEventRecord,prod
executorch,runtime,cudaStreamWaitEvent,prod
executorch,runtime,cudaEventDestroy,prod
executorch,runtime,cudaPointerGetAttributes,prod
executorch,runtime,cudaMemsetAsync,prod
executorch,runtime,cudaFuncGetAttributes,prod
executorch,runtime,cudaGetLastError,prod
executorch,runtime,cudaGetErrorString,prod
executorch,aoti,cuModuleLoadData,prod
executorch,aoti,cuModuleGetFunction,prod
executorch,aoti,cuFuncSetAttribute,prod
executorch,aoti,cuLaunchKernel,prod
executorch,aoti,cuTensorMapEncodeTiled,prod
executorch,aoti,cuModuleUnload,prod
executorch,aoti,cuGetErrorString,prod
executorch,aoti,cudaMalloc,prod
executorch,aoti,cudaFree,prod
executorch,aoti,cudaMemcpy,prod
executorch,aoti,cudaPointerGetAttributes,prod
executorch,aoti,cudaStreamCreateWithFlags,prod
executorch,aoti,cudaEventCreateWithFlags,prod
executorch,aoti,cudaMemcpyAsync,prod
executorch,aoti,cudaEventCreate,prod
executorch,aoti,cudaEventRecord,prod
executorch,aoti,cudaEventQuery,prod
executorch,aoti,cudaEventSynchronize,prod
executorch,aoti,cudaEventDestroy,prod
executorch,aoti,cudaStreamWaitEvent,prod
executorch,aoti,cudaStreamSynchronize,prod
executorch,aoti,cudaStreamDestroy,prod
executorch,aoti,cudaGetDevice,prod
executorch,aoti,cudaSetDevice,prod
executorch,aoti,cudaGetLastError,prod
executorch,aoti,cudaGetErrorString,prod
executorch,aoti,cuModuleLoad,conditional
executorch,aoti,cuCtxSynchronize,conditional
executorch,aoti,cudaDeviceSynchronize,hip-only
executorch,runtime,cudaDeviceGetGraphMemAttribute,test
executorch,runtime,cudaDeviceGetMemPool,test
executorch,runtime,cudaMemPoolGetAttribute,test
executorch,runtime,cudaEventCreate,test
executorch,runtime,cudaEventElapsedTime,test
executorch,runtime,cudaEventSynchronize,test
executorch,runtime,cudaMallocHost,test
executorch,runtime,cudaFreeHost,test
executorch,runtime,cudaGetDeviceCount,test
executorch,runtime,cudaLaunchHostFunc,test
executorch,runtime,cudaStreamCreateWithFlags,test
executorch,runtime,cudaStreamDestroy,test
pytorch,aten,cuCtxGetCurrent,prod
pytorch,aten,cuCtxSetCurrent,prod
pytorch,aten,cudaDeviceCanAccessPeer,prod
pytorch,aten,cudaDeviceGetAttribute,prod
pytorch,aten,cudaDeviceSynchronize,prod
pytorch,aten,cudaEventCreate,prod
pytorch,aten,cudaEventElapsedTime,prod
pytorch,aten,cudaEventRecord,prod
pytorch,aten,cudaEventSynchronize,prod
pytorch,aten,cudaFree,prod
pytorch,aten,cudaFreeHost,prod
pytorch,aten,cudaFuncGetAttributes,prod
pytorch,aten,cudaFuncSetAttribute,prod
pytorch,aten,cudaGetDeviceCount,test
pytorch,aten,cudaGetDeviceProperties,prod
pytorch,aten,cudaGetLastError,prod
pytorch,aten,cudaGetSymbolAddress,prod
pytorch,aten,cudaGraphAddNode,prod
pytorch,aten,cudaGraphConditionalHandleCreate,prod
pytorch,aten,cudaGraphDestroy,prod
pytorch,aten,cudaGraphExecDestroy,prod
pytorch,aten,cudaGraphGetNodes,prod
pytorch,aten,cudaGraphInstantiateWithFlags,prod
pytorch,aten,cudaGraphLaunch,prod
pytorch,aten,cudaHostAlloc,prod
pytorch,aten,cudaHostRegister,prod
pytorch,aten,cudaHostUnregister,prod
pytorch,aten,cudaMalloc,test
pytorch,aten,cudaMallocManaged,test
pytorch,aten,cudaMemcpy,test
pytorch,aten,cudaMemcpyAsync,prod
pytorch,aten,cudaMemcpyToSymbol,prod
pytorch,aten,cudaMemsetAsync,prod
pytorch,aten,cudaOccupancyMaxActiveBlocksPerMultiprocessor,prod
pytorch,aten,cudaOccupancyMaxPotentialBlockSize,prod
pytorch,aten,cudaPointerGetAttributes,prod
pytorch,aten,cudaRuntimeGetVersion,prod
pytorch,aten,cudaSetDevice,prod
pytorch,aten,cudaStreamBeginCapture,prod
pytorch,aten,cudaStreamBeginCaptureToGraph,prod
pytorch,aten,cudaStreamCreateWithFlags,prod
pytorch,aten,cudaStreamCreateWithPriority,test
pytorch,aten,cudaStreamDestroy,prod
pytorch,aten,cudaStreamEndCapture,prod
pytorch,aten,cudaStreamGetCaptureInfo,prod
pytorch,aten,cudaStreamSynchronize,test
pytorch,aten,cudaStreamUpdateCaptureDependencies,prod
pytorch,aten,cuDevicePrimaryCtxGetState,prod
pytorch,aten,cuDevicePrimaryCtxRetain,prod
pytorch,aten,cuGetErrorString,prod
pytorch,aten,cuLaunchKernel,prod
pytorch,aten,cuModuleGetFunction,prod
pytorch,aten,cuModuleLoadData,prod
pytorch,c10,cudaDeviceCanAccessPeer,prod
pytorch,c10,cudaDeviceEnablePeerAccess,prod
pytorch,c10,cudaDeviceGetAttribute,prod
pytorch,c10,cudaDeviceGetDefaultMemPool,prod
pytorch,c10,cudaDeviceGetGraphMemAttribute,prod
pytorch,c10,cudaDeviceGetStreamPriorityRange,prod
pytorch,c10,cudaDeviceSetGraphMemAttribute,prod
pytorch,c10,cudaDeviceSynchronize,prod
pytorch,c10,cudaDriverGetVersion,prod
pytorch,c10,cudaEventCreateWithFlags,prod
pytorch,c10,cudaEventDestroy,prod
pytorch,c10,cudaEventElapsedTime,prod
pytorch,c10,cudaEventQuery,prod
pytorch,c10,cudaEventRecord,prod
pytorch,c10,cudaEventRecordWithFlags,prod
pytorch,c10,cudaEventSynchronize,prod
pytorch,c10,cudaFree,prod
pytorch,c10,cudaFreeAsync,prod
pytorch,c10,cudaGetDevice,prod
pytorch,c10,cudaGetDeviceCount,prod
pytorch,c10,cudaGetDeviceProperties,prod
pytorch,c10,cudaGetDriverEntryPoint,prod
pytorch,c10,cudaGetDriverEntryPointByVersion,prod
pytorch,c10,cudaGetErrorName,prod
pytorch,c10,cudaGetErrorString,prod
pytorch,c10,cudaGetLastError,prod
pytorch,c10,cudaGraphAddMemAllocNode,test
pytorch,c10,cudaGraphCreate,test
pytorch,c10,cudaGraphDestroy,test
pytorch,c10,cudaGraphExecDestroy,test
pytorch,c10,cudaGraphInstantiateWithFlags,test
pytorch,c10,cudaGraphNodeGetDependencies,prod
pytorch,c10,cudaGraphRetainUserObject,prod
pytorch,c10,cudaIpcCloseMemHandle,prod
pytorch,c10,cudaIpcGetEventHandle,prod
pytorch,c10,cudaIpcGetMemHandle,prod
pytorch,c10,cudaIpcOpenEventHandle,prod
pytorch,c10,cudaIpcOpenMemHandle,prod
pytorch,c10,cudaMalloc,prod
pytorch,c10,cudaMallocAsync,prod
pytorch,c10,cudaMallocManaged,prod
pytorch,c10,cudaMemAdvise,prod
pytorch,c10,cudaMemcpy,prod
pytorch,c10,cudaMemcpyAsync,prod
pytorch,c10,cudaMemcpyPeerAsync,prod
pytorch,c10,cudaMemGetInfo,prod
pytorch,c10,cudaMemPoolGetAttribute,prod
pytorch,c10,cudaMemPoolSetAccess,prod
pytorch,c10,cudaMemPoolSetAttribute,prod
pytorch,c10,cudaMemPoolTrimTo,prod
pytorch,c10,cudaSetDevice,prod
pytorch,c10,cudaStreamCreateWithPriority,prod
pytorch,c10,cudaStreamGetCaptureInfo,prod
pytorch,c10,cudaStreamGetPriority,prod
pytorch,c10,cudaStreamIsCapturing,prod
pytorch,c10,cudaStreamQuery,prod
pytorch,c10,cudaStreamSynchronize,prod
pytorch,c10,cudaStreamWaitEvent,prod
pytorch,c10,cudaThreadExchangeStreamCaptureMode,prod
pytorch,c10,cudaUserObjectCreate,prod
pytorch,c10,cudaUserObjectRelease,prod
pytorch,c10,cuDeviceGetAttribute,prod
pytorch,c10,cuGetErrorString,prod
pytorch,c10,cuLogsRegisterCallback,prod
pytorch,c10,cuMemAddressFree,prod
pytorch,c10,cuMemAddressReserve,prod
pytorch,c10,cuMemCreate,prod
pytorch,c10,cuMemExportToShareableHandle,prod
pytorch,c10,cuMemGetAllocationGranularity,prod
pytorch,c10,cuMemImportFromShareableHandle,prod
pytorch,c10,cuMemMap,prod
pytorch,c10,cuMemRelease,prod
pytorch,c10,cuMemSetAccess,prod
pytorch,c10,cuMemUnmap,prod
pytorch,c10d,cuCtxGetCurrent,prod
pytorch,c10d,cuCtxSetCurrent,prod
pytorch,c10d,cudaDeviceSynchronize,prod
pytorch,c10d,cudaEventQuery,prod
pytorch,c10d,cudaFree,prod
pytorch,c10d,cudaGetDeviceCount,prod
pytorch,c10d,cudaGetDeviceProperties,prod
pytorch,c10d,cudaGetLastError,prod
pytorch,c10d,cudaMemcpy,prod
pytorch,c10d,cudaMemcpyAsync,prod
pytorch,c10d,cudaMemset,prod
pytorch,c10d,cudaMemsetAsync,prod
pytorch,c10d,cudaStreamSynchronize,prod
pytorch,c10d,cuDeviceGetAttribute,prod
pytorch,c10d,cuDevicePrimaryCtxRetain,prod
pytorch,c10d,cuMemAddressReserve,prod
pytorch,c10d,cuMemCreate,prod
pytorch,c10d,cuMemExportToShareableHandle,prod
pytorch,c10d,cuMemGetAllocationGranularity,prod
pytorch,c10d,cuMemImportFromShareableHandle,prod
pytorch,c10d,cuMemMap,prod
pytorch,c10d,cuMemRelease,prod
pytorch,c10d,cuMemSetAccess,prod
pytorch,c10d,cuMemsetD32Async,prod
pytorch,c10d,cuMemUnmap,prod
pytorch,c10d,cuMulticastAddDevice,prod
pytorch,c10d,cuMulticastBindMem,prod
pytorch,c10d,cuMulticastCreate,prod
pytorch,c10d,cuMulticastUnbind,prod
pytorch,c10d,cuStreamWriteValue32,prod
pytorch,inductor,cuCtxGetCurrent,prod
pytorch,inductor,cuCtxSetCurrent,prod
pytorch,inductor,cudaEventCreate,prod
pytorch,inductor,cudaEventCreateWithFlags,prod
pytorch,inductor,cudaEventDestroy,prod
pytorch,inductor,cudaEventQuery,prod
pytorch,inductor,cudaEventRecord,prod
pytorch,inductor,cudaEventSynchronize,prod
pytorch,inductor,cudaFree,prod
pytorch,inductor,cudaGetDevice,prod
pytorch,inductor,cudaGetErrorString,prod
pytorch,inductor,cudaGetLastError,prod
pytorch,inductor,cudaMalloc,prod
pytorch,inductor,cudaMemcpy,prod
pytorch,inductor,cudaMemcpyAsync,prod
pytorch,inductor,cudaPointerGetAttributes,prod
pytorch,inductor,cudaSetDevice,prod
pytorch,inductor,cudaStreamCreateWithFlags,prod
pytorch,inductor,cudaStreamDestroy,prod
pytorch,inductor,cudaStreamIsCapturing,prod
pytorch,inductor,cudaStreamSynchronize,prod
pytorch,inductor,cuDeviceGet,prod
pytorch,inductor,cuDeviceGetAttribute,prod
pytorch,inductor,cuDevicePrimaryCtxRetain,prod
pytorch,inductor,cuFuncGetAttribute,prod
pytorch,inductor,cuFuncSetAttribute,prod
pytorch,inductor,cuFuncSetCacheConfig,prod
pytorch,inductor,cuGetErrorString,prod
pytorch,inductor,cuLaunchKernel,prod
pytorch,inductor,cuModuleGetFunction,prod
pytorch,inductor,cuModuleLoad,prod
pytorch,inductor,cuModuleUnload,prod
pytorch,inductor,cuPointerGetAttribute,prod
pytorch,inductor-gen,cuCtxSynchronize,conditional
pytorch,inductor-gen,cudaDeviceSynchronize,hip-only
pytorch,inductor-gen,cudaEventRecord,prod
pytorch,inductor-gen,cudaEventSynchronize,prod
pytorch,inductor-gen,cudaStreamWaitEvent,prod
pytorch,inductor-gen,cuFuncSetAttribute,prod
pytorch,inductor-gen,cuGetErrorString,prod
pytorch,inductor-gen,cuLaunchKernel,prod
pytorch,inductor-gen,cuModuleGetFunction,prod
pytorch,inductor-gen,cuModuleLoad,conditional
pytorch,inductor-gen,cuModuleLoadData,prod
pytorch,inductor-gen,cuTensorMapEncodeTiled,prod
pytorch,jit,cuLaunchKernel,prod
pytorch,jit,cuModuleGetFunction,prod
pytorch,jit,cuModuleLoadData,prod
pytorch,jit,cuModuleUnload,prod
pytorch,jit,cuOccupancyMaxActiveBlocksPerMultiprocessor,prod
pytorch,nativert,cuGetErrorString,prod
pytorch,nativert,cuLaunchKernel,prod
pytorch,nativert,cuModuleGetFunction,prod
pytorch,nativert,cuModuleLoad,prod
pytorch,nativert,cuModuleUnload,prod
pytorch,profiler,cuCtxGetCurrent,prod
pytorch,profiler,cudaDeviceSynchronize,prod
pytorch,profiler,cudaEventCreate,prod
pytorch,profiler,cudaEventDestroy,prod
pytorch,profiler,cudaEventElapsedTime,prod
pytorch,profiler,cudaEventRecord,prod
pytorch,profiler,cudaEventSynchronize,prod
pytorch,profiler,cudaGetErrorString,prod
pytorch,profiler,cuInit,prod
pytorch,torch.cuda,cuCtxFromGreenCtx,prod
pytorch,torch.cuda,cuCtxGetCurrent,prod
pytorch,torch.cuda,cuCtxPopCurrent,prod
pytorch,torch.cuda,cuCtxPushCurrent,prod
pytorch,torch.cuda,cuCtxSetCurrent,prod
pytorch,torch.cuda,cudaDeviceEnablePeerAccess,prod
pytorch,torch.cuda,cudaDeviceGetAttribute,prod
pytorch,torch.cuda,cudaEventCreateWithFlags,prod
pytorch,torch.cuda,cudaEventDestroy,prod
pytorch,torch.cuda,cudaEventRecord,prod
pytorch,torch.cuda,cudaFree,prod
pytorch,torch.cuda,cudaGetDevice,prod
pytorch,torch.cuda,cudaGetErrorString,prod
pytorch,torch.cuda,cudaGetLastError,prod
pytorch,torch.cuda,cudaGraphDebugDotPrint,prod
pytorch,torch.cuda,cudaGraphEventRecordNodeGetEvent,prod
pytorch,torch.cuda,cudaGraphEventWaitNodeGetEvent,prod
pytorch,torch.cuda,cudaGraphExecGetId,prod
pytorch,torch.cuda,cudaGraphGetEdges,prod
pytorch,torch.cuda,cudaGraphGetId,prod
pytorch,torch.cuda,cudaGraphGetNodes,prod
pytorch,torch.cuda,cudaGraphGetRootNodes,prod
pytorch,torch.cuda,cudaGraphHostNodeGetParams,prod
pytorch,torch.cuda,cudaGraphNodeGetDependentNodes,prod
pytorch,torch.cuda,cudaGraphNodeGetToolsId,prod
pytorch,torch.cuda,cudaGraphNodeGetType,prod
pytorch,torch.cuda,cudaHostRegister,prod
pytorch,torch.cuda,cudaHostUnregister,prod
pytorch,torch.cuda,cudaIpcGetEventHandle,prod
pytorch,torch.cuda,cudaLaunchHostFunc,prod
pytorch,torch.cuda,cudaMallocManaged,prod
pytorch,torch.cuda,cudaMemAdvise,prod
pytorch,torch.cuda,cudaMemcpy,prod
pytorch,torch.cuda,cudaMemcpyAsync,prod
pytorch,torch.cuda,cudaMemGetInfo,prod
pytorch,torch.cuda,cudaProfilerStart,prod
pytorch,torch.cuda,cudaProfilerStop,prod
pytorch,torch.cuda,cudaStreamCreate,prod
pytorch,torch.cuda,cudaStreamDestroy,prod
pytorch,torch.cuda,cudaStreamGetCaptureInfo,prod
pytorch,torch.cuda,cuDeviceGet,prod
pytorch,torch.cuda,cuDeviceGetDevResource,prod
pytorch,torch.cuda,cuDevResourceGenerateDesc,prod
pytorch,torch.cuda,cuDevSmResourceSplitByCount,prod
pytorch,torch.cuda,cuDriverGetVersion,prod
pytorch,torch.cuda,cuFuncGetName,prod
pytorch,torch.cuda,cuFuncSetAttribute,prod
pytorch,torch.cuda,cuGetErrorString,prod
pytorch,torch.cuda,cuGraphKernelNodeGetParams,prod
pytorch,torch.cuda,cuGraphNodeGetType,prod
pytorch,torch.cuda,cuGreenCtxCreate,prod
pytorch,torch.cuda,cuGreenCtxDestroy,prod
pytorch,torch.cuda,cuGreenCtxStreamCreate,prod
pytorch,torch.cuda,cuLaunchKernel,prod
pytorch,torch.cuda,cuModuleGetFunction,prod
pytorch,torch.cuda,cuModuleLoadData,prod
pytorch,torch.cuda,cuStreamDestroy,prod
